Recall@1,Precision@1,Recall@3,Precision@3,Recall@5,Precision@5
33.33333432674408,33.33333432674408,44.44444477558136,14.814814925193787,55.55555820465088,11.11111119389534
