Recall@1,Precision@1,Recall@3,Precision@3,Experiment
33.33333432674408,33.33333432674408,100.0,33.33333432674408,Multi-Head (Optimal)
33.33333432674408,33.33333432674408,100.0,33.33333432674408,Self-Attention (1 Head)
33.33333432674408,33.33333432674408,100.0,33.33333432674408,No Positional Encoding
33.33333432674408,33.33333432674408,100.0,33.33333432674408,No Scaling Factor
